id,symbol,name,image,current_price,market_cap,market_cap_rank,fully_diluted_valuation,total_volume,high_24h,low_24h,price_change_24h,price_change_percentage_24h,market_cap_change_24h,market_cap_change_percentage_24h,circulating_supply,total_supply,max_supply,ath,ath_change_percentage,ath_date,atl,atl_change_percentage,atl_date,roi,last_updated,market_cap_category,volatility_score,supply_ratio,Volatility
bitcoin,btc,Bitcoin,https://coin-images.coingecko.com/coins/images/1/large/bitcoin.png?1696501400,78364.0,1573174135422.0,1.0,1573176877328.0,28040033589.0,79625.0,78193.0,-1155.2668214007135,-1.46872,-23640676125.75952,-1.48049,20081321.0,20081356.0,21000000.0,126080.0,-37.84587,2025-10-06 10:57:42+00:00,67.81,115465.5719,2013-07-05 16:00:00+00:00,Unknown,2026-09-08 09:09:20+00:00,Large,1.46872,0.99999825708981,1.46872
ethereum,eth,Ethereum,https://coin-images.coingecko.com/coins/images/279/large/ethereum.png?1696501628,2476.39,302087597694.0,2.0,302087597694.0,10782138742.0,2510.03,2463.89,-17.825255853600083,-0.74224,-2273567257.253418,-0.747,122029704.52429248,122029704.5242924,6219316794.89,4946.05,-49.9319,2025-08-24 11:21:03+00:00,0.432979,571843.01287,2015-10-19 16:00:00+00:00,"{'times': 41.25187165701799, 'currency': 'btc', 'percentage': 4125.1871657018}",2026-09-08 09:09:20+00:00,Large,0.74224,1.0000000000000009,0.74224
tether,usdt,Tether,https://coin-images.coingecko.com/coins/images/325/large/Tether.png?1696501661,0.999775,183397423736.0,3.0,188863142989.0,52174886195.0,0.999963,0.999688,-0.0001218277130521,-0.01227,5565902.0,0.00303,183438580383.21188,188905526211.2662,6219316794.89,1.32,-24.43664,2018-07-23 16:00:00+00:00,0.572521,74.62682,2015-03-01 16:00:00+00:00,Unknown,2026-09-08 09:09:20+00:00,Large,0.01227,0.9710598946589828,0.01227
binancecoin,bnb,BNB,https://coin-images.coingecko.com/coins/images/825/large/bnb-icon2_2x.png?1696501970,752.4,100144405327.0,4.0,100144399025.0,1087072953.0,760.33,734.68,7.7,1.01562,978295320.0,0.98652,133161545.37,133161534.56,200000000.0,1369.99,-45.07986,2025-10-13 00:41:24+00:00,0.0398177,1889515.15746,2017-10-18 16:00:00+00:00,Unknown,2026-09-08 09:09:20+00:00,Large,1.01562,1.0000000811795993,1.01562
ripple,xrp,XRP,https://coin-images.coingecko.com/coins/images/44/large/xrp-symbol-white-128.png?1696501442,1.39,87168896250.0,5.0,138906774820.0,1895227058.0,1.41,1.38,-0.0160169693239531,-1.18714,-1029100373.4948578,-1.16681,62744504852.0,99985627691.0,100000000000.0,3.65,-61.88953,2025-07-17 19:40:53+00:00,0.00268621,51632.87337,2014-05-21 16:00:00+00:00,Unknown,2026-09-08 09:09:20+00:00,Large,1.18714,0.6275352398237514,1.18714
usd-coin,usdc,USDC,https://coin-images.coingecko.com/coins/images/6319/large/USDC.png?1769615602,0.999867,74295743730.0,6.0,74308132941.0,12686935225.0,0.999982,0.999823,-8.2373001387137e-05,-0.00819,-226029119.4579773,-0.30331,74305634450.01582,74316003621.40979,6219316794.89,1.043,-4.17817,2018-11-14 16:00:00+00:00,0.877647,13.92591,2023-03-11 00:02:13+00:00,Unknown,2026-09-08 09:09:20+00:00,Large,0.00819,0.9998604718918042,0.00819
solana,sol,Solana,https://coin-images.coingecko.com/coins/images/4128/large/solana.png?1718769756,102.98,60340819169.0,7.0,65228209391.0,2882744829.0,105.8,102.49,-1.8793010934574423,-1.82789,-1124965055.7127914,-1.83023,586165362.7051458,633642649.8163798,6219316794.89,293.31,-64.89012,2025-01-19 03:15:27+00:00,0.500801,20463.34238,2020-05-11 11:35:23+00:00,Unknown,2026-09-08 09:09:20+00:00,Large,1.82789,0.9250724566520384,1.82789
tron,trx,TRON,https://coin-images.coingecko.com/coins/images/1094/large/photo_2026-04-13_09-59-16.png?1776048311,0.338412,32130807463.0,8.0,32131294754.0,353201551.0,0.33881,0.333764,0.00159982,0.46742,155201554.0,0.48537,94939426159.69267,94940866343.98788,6219316794.89,0.431288,-21.53454,2024-12-03 16:10:40+00:00,0.00180434,18655.45067,2017-11-11 16:00:00+00:00,"{'times': 177.11596815170796, 'currency': 'usd', 'percentage': 17711.596815170793}",2026-09-08 09:09:20+00:00,Large,0.46742,0.9999848307230524,0.46742
figure-heloc,figr_heloc,Figure Heloc,https://coin-images.coingecko.com/coins/images/68480/large/figure.png?1755863954,1.055,23516084575.0,9.0,23516084575.0,343538.0,0.0,0.0,-8.538331076724e-05,-0.00903,-514176.6932144165,-0.02253,22290650137.398,22292012681.268,6219316794.89,1.061,-0.52441,2026-08-03 14:19:20+00:00,0.155357,579.06691,2025-10-31 06:27:24+00:00,Unknown,2026-09-05 22:40:20+00:00,Large,0.00903,0.9999388774854256,0.00903
zcash,zec,Zcash,https://coin-images.coingecko.com/coins/images/486/large/Brandmark-Yellow_%281%29.png?1785810558,1128.15,19083787397.0,9.0,19085107391.0,808339840.0,1210.24,1115.46,-61.5898346709414,-5.30798,-1045389874.5911864,-5.19341,16919759.5405448,16920943.9155448,21000000.0,3191.93,-64.6561,2016-10-28 16:00:00+00:00,16.08,6915.81663,2024-07-04 20:22:29+00:00,Unknown,2026-09-08 09:09:20+00:00,Large,5.30798,0.999930005382329,5.30798
hyperliquid,hype,Hyperliquid,https://coin-images.coingecko.com/coins/images/50882/large/hyperliquid.jpg?1729431300,84.07,18689568837.0,10.0,80263526300.0,1128586691.0,88.31,83.36,-2.9614439256399265,-3.4581,-671247099.2583008,-3.46704,222445714.07414132,955307079.4341414,1000000000.0,89.6,-6.16667,2026-09-06 12:28:40+00:00,3.81,2107.41525,2024-11-29 01:30:30+00:00,Unknown,2026-09-08 09:09:20+00:00,Large,3.4581,0.2328525757454901,3.4581
dogecoin,doge,Dogecoin,https://coin-images.coingecko.com/coins/images/5/large/dogecoin.png?1696501409,0.089346,13917606943.0,11.0,15320869900.0,832914831.0,0.091742,0.088783,-0.0003705378627595,-0.48537,-61341181.43549538,-0.43881,155828516383.70523,155828326383.7052,6219316794.89,0.731578,-87.78728,2021-05-07 21:08:23+00:00,8.69e-05,102709.78278,2015-05-05 16:00:00+00:00,Unknown,2026-09-08 09:09:20+00:00,Large,0.48537,1.000001219290513,0.48537
rain,rain,Rain,https://coin-images.coingecko.com/coins/images/69134/large/Rain_logo_1_.png?1762952191,0.01696923,12031914381.0,12.0,19381244292.0,32227418.0,0.01692037,0.01622091,0.00041028,2.48145,288173029.0,2.45384,709209455061.4839,1142408536818.674,1150000000000.0,0.01946402,-12.81748,2026-08-25 19:53:00+00:00,0.00222126,663.94639,2025-09-14 00:56:57+00:00,Unknown,2026-09-08 09:09:20+00:00,Large,2.48145,0.6208019567469771,2.48145
usds,usds,USDS,https://coin-images.coingecko.com/coins/images/39926/large/usds.webp?1726666683,0.99973,9846129481.0,13.0,9843568262.0,118082220.0,0.999985,0.999621,-1.9032652192719e-05,-0.00222,-1176437.9012584686,-0.01195,9848754446.53258,9846192544.45188,6219316794.89,1.057,-5.44702,2024-10-28 21:40:51+00:00,0.948265,5.42723,2024-10-03 05:19:28+00:00,Unknown,2026-09-08 09:09:20+00:00,Medium,0.00222,1.000260192157439,0.00222
monero,xmr,Monero,https://coin-images.coingecko.com/coins/images/69/large/monero_logo.png?1696501460,522.46,9821463347.0,14.0,9821465854.0,117248378.0,537.98,506.72,-19.43408947091791,-3.556,-366891826.7069874,-3.60109,18801875.18655037,18801885.98515148,6219316794.89,797.73,-34.50722,2026-01-14 11:34:07+00:00,0.216177,241581.34124,2015-01-13 16:00:00+00:00,Unknown,2026-09-08 09:09:20+00:00,Medium,3.556,0.9999994256639404,3.556
chainlink,link,Chainlink,https://coin-images.coingecko.com/coins/images/877/large/Chainlink_Logo_500.png?1760023405,12.64,9450673755.0,15.0,12632902190.0,486165197.0,13.4,12.57,-0.8468312618110385,-6.34631,-637439637.4014797,-6.31872,748099970.424884,1000000000.0,1000000000.0,52.7,-76.01705,2021-05-09 16:13:57+00:00,0.148183,8428.76699,2017-11-28 16:00:00+00:00,Unknown,2026-09-08 09:09:20+00:00,Medium,6.34631,0.748099970424884,6.34631
whitebit,wbt,WhiteBIT Coin,https://coin-images.coingecko.com/coins/images/27045/large/wbt_token.png?1696526096,78.39,9244157293.0,16.0,23009764450.0,94672216.0,78.58,72.57,5.2,7.07034,610585305.0,7.07222,117956019.0,293606018.0,400000000.0,78.58,-0.23962,2026-09-08 08:47:00+00:00,3.06,2460.28815,2023-02-13 11:01:21+00:00,Unknown,2026-09-08 09:09:20+00:00,Medium,7.07034,0.4017493231354679,7.07034
leo-token,leo,LEO Token,https://coin-images.coingecko.com/coins/images/8418/large/leo-token.png?1696508607,9.21,8472873634.0,17.0,9075108507.0,526419.0,9.28,8.81,-0.0467783715287986,-0.50639,-43028715.63109493,-0.50527,919857851.9,985239504.0,6219316794.89,10.61,-13.21124,2026-05-04 09:35:00+00:00,0.799859,1051.58617,2019-12-24 07:14:35+00:00,Unknown,2026-09-08 09:09:20+00:00,Medium,0.50639,0.9336388240275026,0.50639
cardano,ada,Cardano,https://coin-images.coingecko.com/coins/images/975/large/cardano.png?1696502090,0.217533,8153603509.0,18.0,9781589945.0,417097977.0,0.224738,0.21582,-0.001525767242069,-0.72031,-63391234.98737526,-0.77146,37510482444.2993,45000000000.0,45000000000.0,3.09,-92.95306,2021-09-01 22:00:10+00:00,0.01925275,1029.87959,2020-03-12 18:22:55+00:00,Unknown,2026-09-08 09:09:20+00:00,Medium,0.72031,0.8335662765399845,0.72031
stellar,xlm,Stellar,https://coin-images.coingecko.com/coins/images/100/large/fmpFRHHQ_400x400.jpg?1735231350,0.189944,6607029246.0,19.0,9492639853.0,222048488.0,0.196218,0.188438,-0.0008650830610948,-0.44771,-33527997.098618507,-0.5049,34802043803.35648,50001786839.70248,6219316794.89,0.875563,-78.30604,2018-01-02 16:00:00+00:00,0.00047612,39793.91746,2015-03-04 16:00:00+00:00,Unknown,2026-09-08 09:09:20+00:00,Medium,0.44771,0.6960160026865865,0.44771
bitcoin-cash,bch,Bitcoin Cash,https://coin-images.coingecko.com/coins/images/780/large/bitcoin-cash-circle.png?1696501932,255.53,5131205810.0,20.0,5131276061.0,219374575.0,269.15,254.67,-0.6676350653721386,-0.28293,-14804868.722273828,-0.2877,20086290.52165078,20086290.52165078,21000000.0,3785.82,-93.25023,2017-12-19 16:00:00+00:00,76.93,232.14375,2018-12-15 16:00:00+00:00,Unknown,2026-09-08 09:09:20+00:00,Medium,0.28293,1.0,0.28293
dai,dai,Dai,https://coin-images.coingecko.com/coins/images/9956/large/Badge_Dai.png?1696509996,0.999838,4596421025.0,21.0,4596421025.0,253746407.0,1.0,0.999698,-0.0001137894908276,0.01667,11784466.0,0.25704,4596276441.936732,4594662032.484724,6219316794.89,1.22,-17.97415,2020-03-12 19:02:50+00:00,0.88196,13.36549,2023-03-10 23:50:50+00:00,Unknown,2026-09-08 09:09:20+00:00,Medium,0.01667,1.0003513663117318,0.01667
uniswap,uni,Uniswap,https://coin-images.coingecko.com/coins/images/12504/large/uniswap-logo.png?1720676669,7.07,4400832829.0,22.0,6288012402.0,584223428.0,7.15,6.75,0.02116773,0.19116,10073732.0,0.22943,623212423.7271129,890460420.0329479,1000000000.0,44.92,-84.26744,2021-05-02 21:25:04+00:00,1.03,585.97964,2020-09-16 17:20:38+00:00,Unknown,2026-09-08 09:09:20+00:00,Medium,0.19116,0.6998766140600089,0.19116
ethena-usde,usde,Ethena USDe,https://coin-images.coingecko.com/coins/images/33613/large/usde.png?1733810059,0.999711,4390435662.0,23.0,4393615886.0,55726449.0,0.999863,0.999578,4.13242e-07,-0.00034,24621287.0,0.56396,4391713876.58117,4394707971.92017,6219316794.89,1.034,-3.31837,2025-12-09 09:10:12+00:00,0.929486,7.55527,2024-10-03 23:57:15+00:00,Unknown,2026-09-08 09:09:20+00:00,Medium,0.00034,0.9993187043694074,0.00034
litecoin,ltc,Litecoin,https://coin-images.coingecko.com/coins/images/2/large/litecoin.png?1696501400,55.19,4281465688.0,24.0,4281619861.0,464939093.0,59.36,54.6,0.195464,0.28787,15235311.0,0.35711,77584298.07747455,77587154.33485723,84000000.0,410.26,-86.54854,2021-05-09 19:13:07+00:00,1.15,4703.61408,2015-01-13 16:00:00+00:00,Unknown,2026-09-08 09:09:20+00:00,Medium,0.28787,0.9999631864655024,0.28787
usd1-wlfi,usd1,USD1,https://coin-images.coingecko.com/coins/images/54977/large/USD1_1000x1000_transparent.png?1749297002,0.999522,4257997566.0,25.0,4257997566.0,1002157770.0,0.99992,0.999411,-0.0002748331187975,-0.0242,8816916.0,0.2075,4260049888.265247,4260049888.265247,6219316794.89,1.048,-4.61963,2026-07-09 10:14:50+00:00,0.988762,1.08814,2026-07-09 09:13:20+00:00,Unknown,2026-09-08 09:09:20+00:00,Medium,0.0242,1.0,0.0242
canton-network,cc,Canton,https://coin-images.coingecko.com/coins/images/70468/large/Canton-Ticker_%281%29.png?1762826299,0.104459,4131715447.0,26.0,4131715447.0,10902964.0,0.108787,0.103674,-0.0045749409725258,-4.25291,-179968744.95823622,-4.17398,39550407199.03183,39550407199.03183,6219316794.89,0.194152,-46.19714,2026-02-03 00:02:08+00:00,0.059024,76.97724,2025-12-06 02:32:09+00:00,Unknown,2026-09-08 09:09:20+00:00,Medium,4.25291,1.0,4.25291
the-open-network,gram,Gram (prev. Toncoin),https://coin-images.coingecko.com/coins/images/17980/large/Gram_Circular_Badge.png?1781524778,1.39,3872779470.0,27.0,7299111724.0,38015093.0,1.42,1.38,-0.0293971471321605,-2.09439,-81758448.56142569,-2.06746,2783113806.584536,5245401857.185648,6219316794.89,8.25,-83.13701,2024-06-14 16:36:51+00:00,0.519364,167.9827,2021-09-20 16:33:11+00:00,Unknown,2026-09-08 09:09:20+00:00,Medium,2.09439,0.5305816184077419,2.09439
hedera-hashgraph,hbar,Hedera,https://coin-images.coingecko.com/coins/images/3688/large/hbar.png?1696504364,0.079854,3498290484.0,28.0,3990606891.0,90136179.0,0.083137,0.079587,-0.0008105047935158,-1.01617,-37381497.58770275,-1.05727,43831559703.41591,50000000000.0,50000000000.0,0.569229,-85.97147,2021-09-15 02:40:28+00:00,0.00986111,709.79194,2020-01-02 09:30:24+00:00,Unknown,2026-09-08 09:09:20+00:00,Medium,1.01617,0.8766311940683181,1.01617
avalanche-2,avax,Avalanche,https://coin-images.coingecko.com/coins/images/12559/large/Avalanche_Circle_RedWhite_Trans.png?1696512369,8.04,3472190126.0,29.0,3726864228.0,398686587.0,8.19,7.84,0.121261,1.50823,51287292.0,1.49923,431771961.1772119,463441061.1772119,720000000.0,144.96,-94.45087,2021-11-21 06:18:56+00:00,2.8,187.17942,2020-12-31 05:15:21+00:00,Unknown,2026-09-08 09:09:20+00:00,Medium,1.50823,0.9316653126946594,1.50823
sui,sui,Sui,https://coin-images.coingecko.com/coins/images/26375/large/sui-ocean-square.png?1727791290,0.81677,3344578045.0,30.0,8164403070.0,727400638.0,0.843603,0.801089,0.00419798,0.38661,15846394.0,0.47605,4096537146.54096,10000000000.0,10000000000.0,5.35,-84.72347,2025-01-04 14:56:18+00:00,0.364846,123.86688,2023-10-19 02:40:30+00:00,Unknown,2026-09-08 09:09:20+00:00,Medium,0.38661,0.409653714654096,0.38661
global-dollar,usdg,Global Dollar,https://coin-images.coingecko.com/coins/images/51281/large/GDN_USDG_Token_200x200.png?1730484111,1.0,3245853062.0,31.0,3249219983.0,1250618362.0,1.0,0.999842,5.226e-05,0.0099,-16197450.713252068,-0.49654,3245457070.7001,3248798588.550987,6219316794.89,1.65,-39.5525,2025-01-29 16:11:05+00:00,0.907561,10.19791,2024-11-11 15:55:50+00:00,Unknown,2026-09-08 09:09:20+00:00,Medium,0.0099,0.9989714604461284,0.0099
shiba-inu,shib,Shiba Inu,https://coin-images.coingecko.com/coins/images/11939/large/shiba.png?1696511800,5.42e-06,3193594647.0,32.0,3194986474.0,76056331.0,5.58e-06,5.37e-06,-6.8058505954e-08,-1.37107,-40080160.34338093,-1.23946,589239307782558.2,589496238721205.9,6219316794.89,8.616e-05,-93.7095,2021-10-27 19:54:55+00:00,5.6366e-11,9615238.69218,2020-11-28 03:26:25+00:00,Unknown,2026-09-08 09:09:20+00:00,Medium,1.37107,0.9995641516912728,1.37107
near,near,NEAR Protocol,https://coin-images.coingecko.com/coins/images/10365/large/near.jpg?1696510367,2.31,3011436337.0,33.0,3011436362.0,300549119.0,2.4,2.26,-0.0397924248555612,-1.71685,-52603708.286103725,-1.71681,1305751416.0,1305751422.0,6219316794.89,20.44,-88.71263,2022-01-16 14:09:45+00:00,0.526762,337.94451,2020-11-04 08:09:15+00:00,Unknown,2026-09-08 09:09:20+00:00,Medium,1.71685,0.9999999954049448,1.71685
paypal-usd,pyusd,PayPal USD,https://coin-images.coingecko.com/coins/images/31212/large/PYUSD_Token_Logo_2x.png?1765987788,0.999777,2888905856.0,34.0,2888905856.0,71142594.0,1.0,0.999693,-8.3491161798954e-05,-0.00837,-51554974.47986889,-1.7533,2889539541.1145854,2889539541.114585,6219316794.89,1.021,-2.05348,2023-10-23 14:44:57+00:00,0.959426,4.2057,2024-12-05 14:31:13+00:00,Unknown,2026-09-08 09:09:20+00:00,Medium,0.00837,1.0000000000000002,0.00837
blackrock-usd-institutional-digital-liquidity-fund,buidl,BlackRock USD Institutional Digital Liquidity Fund,https://coin-images.coingecko.com/coins/images/36291/large/blackrock.png?1711013223,1.0,2832282866.0,35.0,2832282866.0,0.0,1.0,1.0,0.0,0.0,0.0,0.0,2832282865.800449,2832282865.800449,6219316794.89,1.0,0.0,2025-02-11 21:00:10+00:00,1.0,0.0,2026-07-23 07:25:00+00:00,Unknown,2026-09-08 09:09:20+00:00,Medium,0.0,1.0,0.0
crypto-com-chain,cro,Cronos,https://coin-images.coingecko.com/coins/images/7310/large/cro_token_logo.png?1696507599,0.057709,2799176723.0,36.0,5703601544.0,6878085.0,0.05841,0.056503,7.403e-05,0.14402,1601567.0,0.05725,48541487426.422745,98908146806.64716,100000000000.0,0.891544,-93.52705,2021-11-23 16:00:00+00:00,0.0121196,376.16436,2019-02-07 16:00:00+00:00,Unknown,2026-09-08 09:09:20+00:00,Medium,0.14402,0.4907733992965734,0.14402
tether-gold,xaut,Tether Gold,https://coin-images.coingecko.com/coins/images/10481/large/logo.png?1774627372,4391.2,2691069119.0,37.0,3107902747.0,639486153.0,4438.15,4380.56,-15.581286286635075,-0.34875,-9512711.828601835,-0.35225,612823.6595320001,707747.089,6219316794.89,5504.62,-20.22688,2026-01-28 16:00:00+00:00,1447.84,203.29317,2020-03-19 05:45:41+00:00,Unknown,2026-09-08 09:09:20+00:00,Medium,0.34875,0.8658794491092566,0.34875
memecore,m,MemeCore,https://coin-images.coingecko.com/coins/images/53247/large/square-bg-transparent.png?1752637478,1.17,2653453332.0,38.0,6324815540.0,2094203.0,1.2,1.11,0.03552796,3.16841,81097258.0,3.15265,2270408084.384351,5411782511.164122,10000000000.0,5.64,-79.2906,2026-07-02 04:14:00+00:00,0.04746135,2362.4529,2025-07-03 19:56:17+00:00,Unknown,2026-09-08 09:09:20+00:00,Medium,3.16841,0.4195305483360909,3.16841
hashnote-usyc,usyc,Circle USYC,https://coin-images.coingecko.com/coins/images/51054/large/Hashnote_SDYC_200x200.png?1730370965,1.14,2624340328.0,39.0,2624340328.0,0.0,1.14,1.14,0.0,0.0,0.0,0.0,2308988052.650666,2308988052.650666,6219316794.89,1.14,0.0,2026-09-04 13:05:00+00:00,1.026,10.76628,2024-12-05 14:31:20+00:00,Unknown,2026-09-08 09:09:20+00:00,Medium,0.0,1.0,0.0
ripple-usd,rlusd,Ripple USD,https://coin-images.coingecko.com/coins/images/39651/large/RLUSD_200x200_%281%29.png?1727376633,0.999958,2431571896.0,40.0,2431571896.0,115782513.0,1.0,0.999853,-8.538331076724e-05,-0.00903,24315995.0,1.01011,2431651384.647226,2431651384.647226,6219316794.89,1.073,-6.79145,2024-12-26 02:45:52+00:00,0.962292,3.91422,2024-12-17 20:40:40+00:00,Unknown,2026-09-08 09:09:20+00:00,Medium,0.00903,1.0,0.00903
bittensor,tao,Bittensor,https://coin-images.coingecko.com/coins/images/28452/large/ARUsPeNQ_400x400.jpeg?1696527447,252.82,2424992129.0,41.0,5306057042.0,202356583.0,267.92,251.93,-16.266389808151928,-6.10419,-157516078.86550236,-6.09934,9597491.0,21000000.0,21000000.0,757.6,-66.62968,2024-03-07 10:45:36+00:00,30.83,720.03068,2023-05-14 00:57:53+00:00,Unknown,2026-09-08 09:09:20+00:00,Medium,6.10419,0.4570233809523809,6.10419
okb,okb,OKB,https://coin-images.coingecko.com/coins/images/4463/large/WeChat_Image_20220118095654.png?1696505053,115.43,2423423385.0,42.0,2423423385.0,41808060.0,118.02,113.26,1.89,1.64875,39193009.0,1.64384,21000000.0,21000000.0,21000000.0,228.74,-49.53777,2025-10-04 16:00:00+00:00,0.580608,19780.36901,2019-01-13 16:00:00+00:00,Unknown,2026-09-08 09:09:20+00:00,Medium,1.64875,1.0,1.64875
ondo-us-dollar-yield,usdy,Ondo US Dollar Yield,https://coin-images.coingecko.com/coins/images/31700/large/usdy_%281%29.png?1696530524,1.15,2199249732.0,43.0,2199249732.0,1026799.0,1.15,1.14,0.00110154,0.09984,-514176.6932144165,-0.02337,1926113308.788933,1926113308.788933,6219316794.89,1.26,-9.3224,2024-03-26 21:24:08+00:00,0.934184,22.59899,2024-01-14 03:40:50+00:00,Unknown,2026-09-08 09:09:20+00:00,Medium,0.09984,1.0,0.09984
aster-2,aster,Aster,https://coin-images.coingecko.com/coins/images/69040/large/_ASTER.png?1757326782,0.766053,2070279954.0,44.0,5974842509.0,206175915.0,0.809577,0.757456,-0.022311315386739,-2.83037,-61512082.82967615,-2.88546,2704071066.799732,7803968119.651995,8000000000.0,2.41,-68.1969,2025-09-24 03:18:14+00:00,0.099713,668.25384,2025-09-17 04:05:36+00:00,Unknown,2026-09-08 09:09:20+00:00,Medium,2.83037,0.3464995019636645,2.83037
mantle,mnt,Mantle,https://coin-images.coingecko.com/coins/images/30980/large/MNT_Token_Logo.png?1765516974,0.61719,2038027510.0,45.0,3838282495.0,33492364.0,0.644505,0.615342,-0.0260174376221734,-3.84964,-86033806.62584639,-4.05044,3302294382.53684,6219316794.889999,6219316794.89,2.86,-78.38255,2025-10-08 17:04:46+00:00,0.307978,100.4011,2023-10-17 18:50:46+00:00,Unknown,2026-09-08 09:09:20+00:00,Medium,3.84964,0.5309738177753087,3.84964
aave,aave,Aave,https://coin-images.coingecko.com/coins/images/12645/large/aave-token-round.png?1720472354,130.48,2012115175.0,46.0,2086787266.0,194714455.0,135.4,130.38,-3.5312837898744363,-2.64527,-55277870.444396734,-2.6738,15427467.534597551,16000000.0,16000000.0,661.69,-80.28111,2021-05-18 13:19:59+00:00,26.02,401.39193,2020-11-05 01:20:11+00:00,Unknown,2026-09-08 09:09:20+00:00,Medium,2.64527,0.964216720912347,2.64527
pax-gold,paxg,PAX Gold,https://coin-images.coingecko.com/coins/images/9519/large/asset-paxg.png?1785284785,4395.61,1901093844.0,47.0,1901093844.0,92888886.0,4440.78,4384.72,-16.261070298192863,-0.36332,-7054210.65578866,-0.36969,432503.322051,432503.322051,6219316794.89,5619.09,-21.77368,2026-01-28 22:30:56+00:00,1399.64,214.0524,2019-11-17 19:09:35+00:00,Unknown,2026-09-08 09:09:20+00:00,Medium,0.36332,1.0,0.36332
ondo-finance,ondo,Ondo,https://coin-images.coingecko.com/coins/images/26580/large/ONDO.png?1696525656,0.376481,1831950461.0,48.0,3762222355.0,129792028.0,0.393274,0.373128,-0.0144336294110235,-3.78565,-71540668.15917873,-3.75839,4869330647.0,10000000000.0,10000000000.0,2.14,-82.40873,2024-12-15 16:36:00+00:00,0.082171,358.16741,2024-01-18 04:14:30+00:00,Unknown,2026-09-08 09:09:20+00:00,Medium,3.78565,0.4869330647,3.78565
polkadot,dot,Polkadot,https://coin-images.coingecko.com/coins/images/12171/large/polkadot.jpg?1766533446,1.064,1809018064.0,49.0,1809021998.0,369504005.0,1.11,0.977358,0.086218,8.77781,145673588.0,8.75787,1701779675.50471,1701784950.035847,2100000000.0,54.98,-98.06522,2021-11-04 06:10:09+00:00,0.727004,46.31569,2026-08-18 02:57:10+00:00,Unknown,2026-09-08 09:09:20+00:00,Medium,8.77781,0.999996900588916,8.77781
world-liberty-financial,wlfi,World Liberty Financial,https://coin-images.coingecko.com/coins/images/50767/large/wlfi.png?1756438915,0.056001,1777835747.0,50.0,5594706133.0,27189214.0,0.057353,0.055789,-0.0006092779342057,-1.08037,-21064809.760257483,-1.17098,31777106874.0,100000000000.0,100000000000.0,0.331336,-83.09852,2025-09-01 04:20:09+00:00,0.050799,10.24019,2026-08-09 02:00:00+00:00,Unknown,2026-09-08 09:09:20+00:00,Medium,1.08037,0.31777106874,1.08037
worldcoin-wld,wld,Worldcoin,https://coin-images.coingecko.com/coins/images/31069/large/worldcoin.jpeg?1696529903,0.472612,1736918681.0,51.0,4723371107.0,437131856.0,0.50505,0.443279,0.01747595,3.67566,81823529.0,4.94374,3677286078.377908,10000000000.0,10000000000.0,11.74,-95.97456,2024-03-09 16:10:42+00:00,0.229961,105.51794,2026-05-18 15:06:00+00:00,Unknown,2026-09-08 09:09:20+00:00,Medium,3.67566,0.3677286078377908,3.67566
internet-computer,icp,Internet Computer,https://coin-images.coingecko.com/coins/images/14495/large/Internet_Computer_logo.png?1696514180,3.08,1716177066.0,52.0,1716180453.0,125228125.0,3.12,2.88,0.054923,1.64853,30996796.0,1.83938,556248693.2998598,556249791.0033374,6219316794.89,700.65,-99.55976,2021-05-10 08:05:53+00:00,2.0,54.01956,2026-08-01 20:31:10+00:00,Unknown,2026-09-08 09:09:20+00:00,Medium,1.64853,0.9999980265997482,1.64853
pump-fun,pump,Pump.fun,https://coin-images.coingecko.com/coins/images/67164/large/pump.jpg?1751949376,0.00424208,1675520257.0,53.0,3542395963.0,312435699.0,0.00463128,0.00408325,5.202e-05,1.06931,19669865.0,1.1879,395022632494.0463,835159451633.2341,1000000000000.0,0.00881908,-51.89891,2025-09-14 08:42:40+00:00,0.00115473,267.36635,2026-06-25 17:04:20+00:00,Unknown,2026-09-08 09:09:20+00:00,Medium,1.06931,0.4729906746807951,1.06931
morpho,morpho,Morpho,https://coin-images.coingecko.com/coins/images/29837/large/Morpho-token-icon.png?1726771230,2.39,1646842944.0,54.0,2390961354.0,33899743.0,2.57,2.39,-0.1909702295334936,-7.37447,-132047157.5050726,-7.42301,688778570.4207118,1000000000.0,1000000000.0,4.17,-42.64651,2025-01-17 04:46:19+00:00,0.713151,235.41113,2024-11-24 17:55:43+00:00,Unknown,2026-09-08 09:09:20+00:00,Medium,7.37447,0.6887785704207118,7.37447
ethena,ena,Ethena,https://coin-images.coingecko.com/coins/images/36530/large/ethena.png?1711701436,0.161891,1634472334.0,55.0,2428561276.0,438046432.0,0.17165,0.161528,-0.0095486511390112,-5.57804,-96267049.16386151,-5.56219,10095312500.0,15000000000.0,15000000000.0,1.52,-89.33313,2024-04-11 05:15:15+00:00,0.070228,130.52079,2026-06-30 15:44:00+00:00,Unknown,2026-09-08 09:09:20+00:00,Medium,5.57804,0.6730208333333333,5.57804
sky,sky,Sky,https://coin-images.coingecko.com/coins/images/39925/large/sky.jpg?1724827980,0.067445,1580232873.0,56.0,1582511490.0,8492178.0,0.069593,0.06735,-0.0011283913618235,-1.58582,-25929089.021309137,-1.61435,23428881874.80688,23462665147.36596,23462665147.3,0.100535,-32.91383,2024-12-04 02:13:57+00:00,0.03582727,88.25111,2025-02-02 21:01:48+00:00,Unknown,2026-09-08 09:09:20+00:00,Medium,1.58582,0.9985601263817688,1.58582
htx-dao,htx,HTX DAO,https://coin-images.coingecko.com/coins/images/35491/large/Frame_1321318576.png?1708908626,1.69e-06,1516324173.0,58.0,1516324173.0,39104119.0,1.69e-06,1.67e-06,1.642e-09,0.0967,2303573.0,0.15215,898232728634017.2,898232728634017.2,999990000000000.0,3.75e-06,-55.02603,2024-12-03 16:16:20+00:00,8.00816e-07,110.68471,2024-08-05 05:31:33+00:00,Unknown,2026-09-08 09:09:20+00:00,Medium,0.0967,1.0,0.0967
pepe,pepe,Pepe,https://coin-images.coingecko.com/coins/images/29850/large/pepe-token.jpeg?1696528776,3.6e-06,1516221357.0,57.0,1516221357.0,202725072.0,3.7e-06,3.55e-06,6.122e-09,0.15964,2255935.0,0.14901,420690000000000.0,420690000000000.0,420690000000000.0,2.803e-05,-87.13834,2024-12-09 08:30:35+00:00,5.5142e-08,6437.42086,2023-04-17 18:14:41+00:00,Unknown,2026-09-08 09:09:20+00:00,Medium,0.15964,1.0,0.15964
usdd,usdd,USDD,https://coin-images.coingecko.com/coins/images/25380/large/UUSD.jpg?1696524513,0.998945,1459815727.0,59.0,1461444399.0,3200052.0,0.999734,0.998828,-0.0005602190015033,-0.02358,-3528764.3996782303,-0.24114,1461344927.0,1462975305.0,6219316794.89,1.24,-19.58315,2026-07-09 09:35:10+00:00,0.928067,7.63711,2022-06-19 08:15:11+00:00,Unknown,2026-09-08 09:09:20+00:00,Medium,0.02358,0.9988855738067294,0.02358
bitget-token,bgb,Bitget Token,https://coin-images.coingecko.com/coins/images/11610/large/Bitget_logo.png?1736925727,2.0,1396451114.0,60.0,1817244220.0,11476811.0,2.06,1.97,-0.0368179785843147,-1.81558,-26069709.915140867,-1.83264,699992029.6481038,910920874.6481038,2000000000.0,8.45,-76.38697,2024-12-27 03:41:24+00:00,0.0142795,13873.71927,2020-06-24 20:17:05+00:00,Unknown,2026-09-08 09:09:20+00:00,Medium,1.81558,0.7684443831836837,1.81558
usdgo,usdgo,USDGO,https://coin-images.coingecko.com/coins/images/102172077/large/USDGO_%287%29.png?1771437018,1.0,1365598525.0,61.0,1365598525.0,52404528.0,1.0,0.999999,2.461e-05,0.00598,10033696.0,0.74019,1365454412.77,1365454412.77,6219316794.89,1.002,-0.22977,2026-03-11 00:04:22+00:00,0.999259,0.08479,2026-05-13 20:34:00+00:00,Unknown,2026-09-08 09:09:20+00:00,Medium,0.00598,1.0,0.00598
falcon-finance,usdf,Falcon USD,https://coin-images.coingecko.com/coins/images/54558/large/ff_200_X_200.png?1740741076,0.996484,1339214440.0,62.0,1339214440.0,226216.0,1.01,0.982128,9.779e-05,0.00978,-11783.04428434372,-0.00088,1344097428.497996,1344097428.497996,6219316794.89,1.075,-7.26775,2025-05-08 13:25:42+00:00,0.943422,5.62441,2025-07-08 02:16:34+00:00,Unknown,2026-09-08 09:09:20+00:00,Medium,0.00978,1.0,0.00978
bfusd,bfusd,BFUSD,https://coin-images.coingecko.com/coins/images/68227/large/bfusd.png?1755132827,0.999727,1319642714.0,63.0,1319642714.0,2296101.0,0.999915,0.999539,-1.9504317024688e-05,-0.00209,-22217.730048418045,-0.00168,1320000000.0,1320000000.0,6219316794.89,1.007,-0.71483,2025-10-10 13:40:40+00:00,0.996931,0.28044,2026-07-29 19:14:40+00:00,Unknown,2026-09-08 09:09:20+00:00,Medium,0.00209,1.0,0.00209
united-stables,u,United Stables,https://coin-images.coingecko.com/coins/images/71157/large/united-stables-logo.jpg?1766061640,0.999094,1300371321.0,64.0,1291878687.0,156684019.0,0.999402,0.998967,-0.0002142537567763,-0.01259,31750473.0,2.50276,1301499307.8,1302999307.8,6219316794.89,1.008,-0.8618,2026-02-05 13:06:07+00:00,0.968158,3.19532,2025-12-20 16:47:20+00:00,Unknown,2026-09-08 09:09:20+00:00,Medium,0.01259,0.9988488098258989,0.01259
ethereum-classic,etc,Ethereum Classic,https://coin-images.coingecko.com/coins/images/453/large/ethereum-classic-logo.png?1696501717,8.18,1292304942.0,65.0,1292308114.0,65144265.0,8.21,7.74,0.38219,4.94865,60069174.0,4.87481,158099957.058453,158100345.205653,210700000.0,167.09,-95.10625,2021-05-06 10:34:22+00:00,0.615038,1229.46888,2016-07-24 16:00:00+00:00,"{'times': 17.1793628788559, 'currency': 'usd', 'percentage': 1717.93628788559}",2026-09-08 09:09:20+00:00,Medium,4.94865,0.9999975449313566,4.94865
spiko-amundi-overnight-swap-fund-eur,eursafo,Spiko Amundi Overnight Swap Fund (EUR),https://coin-images.coingecko.com/coins/images/102172591/large/Fund_eurSAF0.png?1774104814,1.18,1244137715.0,66.0,1244137715.0,0.0,1.18,1.18,-0.0010251952633391,-0.08241,14216564.0,1.15589,1058697287.79565,1058697287.79565,6219316794.89,1.18,-0.7268,2026-08-21 11:35:00+00:00,1.15,1.82453,2026-07-30 07:40:10+00:00,Unknown,2026-09-08 09:09:20+00:00,Medium,0.08241,1.0,0.08241
bitway,btw,Bitway,https://coin-images.coingecko.com/coins/images/71205/large/BTW_Token_200x200.png?1786291907,0.450394,1219582231.0,67.0,4503390534.0,10969670.0,0.479606,0.442789,-0.0020625397353497,-0.52354,-5733479.123600721,-0.46792,2708142280.000001,10000000000.0,10000000000.0,0.745279,-39.56711,2026-08-19 09:36:00+00:00,0.00911805,4839.58329,2026-03-03 06:55:24+00:00,Unknown,2026-09-08 09:09:20+00:00,Medium,0.52354,0.2708142280000001,0.52354
lighter,lit,Lighter,https://coin-images.coingecko.com/coins/images/71121/large/lighter.png?1765888098,4.73,1181143073.0,68.0,4724572294.0,122521740.0,4.81,4.38,0.228275,5.01402,56029515.0,4.9799,250000000.0,1000000000.0,1000000000.0,7.86,-39.83652,2025-12-30 01:05:21+00:00,0.779399,506.7151,2026-03-31 09:55:00+00:00,Unknown,2026-09-08 09:09:20+00:00,Medium,5.01402,0.25,5.01402
arbitrum,arb,Arbitrum,https://coin-images.coingecko.com/coins/images/16547/large/arb.jpg?1721358242,0.170842,1139900222.0,69.0,1706929113.0,350430332.0,0.176806,0.160843,0.00490873,3.09947,31785661.0,2.86845,6678075931.0,10000000000.0,10000000000.0,2.39,-92.85265,2024-01-12 04:29:59+00:00,0.07048,142.39806,2026-06-26 13:20:40+00:00,Unknown,2026-09-08 09:09:20+00:00,Medium,3.09947,0.6678075931,3.09947
pi-network,pi,Pi Network,https://coin-images.coingecko.com/coins/images/54342/large/pi_network.jpg?1739347576,0.095944,1068952376.0,70.0,1644542116.0,4388214.0,0.09633,0.093662,0.00165532,1.76767,18423351.0,1.75372,11141680597.248924,17141047072.69065,100000000000.0,2.99,-96.78862,2025-02-26 08:41:03+00:00,0.070586,35.92415,2026-07-14 02:37:30+00:00,Unknown,2026-09-08 09:09:20+00:00,Medium,1.76767,0.65,1.76767
polygon-ecosystem-token,pol,POL (ex-MATIC),https://coin-images.coingecko.com/coins/images/32440/large/pol.png?1759114181,0.096001,1028000171.0,71.0,1028000171.0,45903113.0,0.097744,0.094596,-0.001688598552149,-1.72479,-18253696.94396901,-1.74467,10710616938.28008,10710616938.28008,6219316794.89,1.29,-92.544,2024-03-13 10:55:06+00:00,0.067711,41.7797,2026-07-01 01:13:30+00:00,Unknown,2026-09-08 09:09:20+00:00,Medium,1.72479,1.0,1.72479
gatechain-token,gt,Gate,https://coin-images.coingecko.com/coins/images/8183/large/200X200.png?1735246724,9.14,974466404.0,72.0,1086437522.0,3701481.0,9.45,8.87,0.153053,1.74025,16312887.0,1.70253,106620699.44879332,118871956.27776413,142622844.0,25.38,-63.99093,2025-01-25 16:00:00+00:00,0.25754,3448.84755,2020-03-12 18:18:02+00:00,Unknown,2026-09-08 09:09:20+00:00,Small,1.74025,0.8969373667886503,1.74025
blockchain-capital,bcap,Blockchain Capital,https://coin-images.coingecko.com/coins/images/56040/large/bcap_logo_200.png?1748088291,106.22,967888430.0,73.0,967888430.0,0.0,106.22,106.22,-1.4211e-14,0.0,-1.19209289551e-07,0.0,9112111.0,9112111.0,6219316794.89,106.25,-0.02824,2026-08-24 22:25:00+00:00,17.76,498.08559,2025-06-02 12:50:02+00:00,Unknown,2026-09-08 09:09:20+00:00,Small,0.0,1.0,0.0
quant-network,qnt,Quant,https://coin-images.coingecko.com/coins/images/3370/large/5ZOu7brX_400x400.jpg?1696504070,66.5,967188261.0,74.0,971731333.0,15860290.0,66.91,65.11,0.594308,0.95193,8676714.0,0.90523,14544176.164081177,14612493.0,14612493.0,427.42,-84.44214,2021-09-11 01:15:00+00:00,0.215773,30718.34388,2018-08-22 16:00:00+00:00,"{'times': 10.550475793509413, 'currency': 'eth', 'percentage': 1055.0475793509413}",2026-09-08 09:09:20+00:00,Small,0.95193,0.9953247651910716,0.95193
kucoin-shares,kcs,KuCoin,https://coin-images.coingecko.com/coins/images/1047/large/sa9z79.png?1696502152,7.0,960154832.0,75.0,995157372.0,2703149.0,7.09,6.98,-0.0843103320640947,-1.21306,-12152483.904115438,-1.24986,137155021.2773955,142155021.2773955,6219316794.89,28.83,-75.70299,2021-12-01 07:09:35+00:00,0.342863,1943.0318,2019-02-06 16:00:00+00:00,Unknown,2026-09-08 09:09:20+00:00,Small,1.21306,0.9648271305855372,1.21306
kaspa,kas,Kaspa,https://coin-images.coingecko.com/coins/images/25751/large/kaspa-icon-exchanges.png?1696524837,0.0341079,944311830.0,76.0,944353645.0,40964963.0,0.03746506,0.03387269,-0.001094759932465,-3.13687,-30218216.319373727,-3.1008,27686994077.20288,27688227293.73107,28704026601.0,0.207411,-83.55541,2024-07-31 16:40:47+00:00,0.00017105,19840.35293,2022-05-26 06:42:59+00:00,Unknown,2026-09-08 09:09:20+00:00,Small,3.13687,0.9999554606181495,3.13687
eutbl,eutbl,Spiko EU T-Bills Money Market Fund,https://coin-images.coingecko.com/coins/images/39657/large/EUTBL.png?1723517425,1.23,899584733.0,77.0,899584733.0,0.0,1.23,1.23,-0.0012109689802841,-0.09369,16367870.0,1.85321,732054784.70682,732054784.70682,6219316794.89,1.26,-2.55099,2026-01-27 13:00:08+00:00,1.011,21.55544,2024-08-15 01:45:23+00:00,Unknown,2026-09-08 09:09:20+00:00,Small,0.09369,1.0,0.09369
cosmos,atom,Cosmos Hub,https://coin-images.coingecko.com/coins/images/1481/large/cosmos_hub.png?1696502525,1.66,876747800.0,78.0,876759564.0,43377011.0,1.69,1.61,0.02570685,1.59125,13975898.0,1.61988,529521330.948941,529532103.659342,6219316794.89,43.84,-96.22388,2021-09-19 16:00:00+00:00,1.16,42.72125,2020-03-12 18:27:44+00:00,"{'times': 15.56421188025572, 'currency': 'usd', 'percentage': 1556.421188025572}",2026-09-08 09:09:20+00:00,Small,1.59125,0.9999796561713132,1.59125
algorand,algo,Algorand,https://coin-images.coingecko.com/coins/images/4380/large/download.png?1696504978,0.096021,867773278.0,79.0,867786423.0,39176279.0,0.099744,0.09443,0.00154065,1.70612,13741986.0,1.60907,9039379355.062675,9039516284.169329,10000000000.0,3.56,-97.30367,2019-06-20 06:51:19+00:00,0.075732,26.79003,2026-07-29 20:10:10+00:00,"{'times': -0.9599506345655907, 'currency': 'usd', 'percentage': -95.99506345655907}",2026-09-08 09:09:20+00:00,Small,1.70612,0.9999848521643916,1.70612
venice-token,vvv,Venice Token,https://coin-images.coingecko.com/coins/images/54023/large/VVV_Token_Transparent.png?1741856877,17.93,855977659.0,80.0,1449448812.0,28521632.0,19.05,16.98,0.909833,5.41152,42786388.0,5.26154,47807818.19733344,80964949.99009372,6219316794.89,22.58,-20.60662,2025-01-27 16:06:36+00:00,0.91975,1849.54589,2025-12-01 10:55:48+00:00,Unknown,2026-09-08 09:09:20+00:00,Small,5.41152,0.5904754860366473,5.41152
just,jst,JUST,https://coin-images.coingecko.com/coins/images/11095/large/JUST.jpg?1696511035,0.104397,854869851.0,81.0,854869851.0,39301567.0,0.109464,0.102233,-0.0056847669398199,-5.18966,-46560804.16739571,-5.16521,8188743036.341737,8188743036.341737,9900000000.0,0.193254,-45.97947,2021-04-04 20:34:23+00:00,0.00476275,2091.9475,2020-05-08 22:08:54+00:00,Unknown,2026-09-08 09:09:20+00:00,Small,5.18966,1.0,5.18966
nexo,nexo,NEXO,https://coin-images.coingecko.com/coins/images/3695/large/CG-nexo-token-200x200_2x.png?1730414360,0.831207,828512462.0,82.0,828512462.0,3384035.0,0.837777,0.821823,0.00140164,0.36007,-1292882.6961199043,-0.15581,1000000000.0,1000000000.0,1000000000.0,4.07,-79.56703,2021-05-12 06:37:47+00:00,0.04515276,1740.8774,2018-09-12 16:00:00+00:00,"{'times': 7.293516849234398, 'currency': 'usd', 'percentage': 729.3516849234398}",2026-09-08 09:09:20+00:00,Small,0.36007,1.0,0.36007
jupiter-exchange-solana,jup,Jupiter,https://coin-images.coingecko.com/coins/images/34188/large/jup.png?1704266489,0.243465,808277826.0,83.0,1670550645.0,70966770.0,0.260371,0.241368,-0.0119927520238679,-4.75934,-39920578.30267203,-4.70651,3320312968.08,6862431199.193432,10000000000.0,2.0,-87.82685,2024-01-31 07:02:47+00:00,0.135801,79.28054,2026-02-12 10:35:44+00:00,Unknown,2026-09-08 09:09:20+00:00,Small,4.75934,0.4838391630753615,4.75934
janus-henderson-anemoy-treasury-fund,jtrsy,Janus Henderson Anemoy Treasury Fund,https://coin-images.coingecko.com/coins/images/70445/large/JTRSY.png?1762078582,1.12,799656136.0,84.0,799656136.0,0.0,1.12,1.12,0.0,0.0,0.999999,0.0,717141157.676881,717141157.676881,6219316794.89,1.12,0.0,2026-09-04 07:25:10+00:00,1.085,2.79229,2025-11-12 20:05:05+00:00,Unknown,2026-09-08 09:09:20+00:00,Small,0.0,1.0,0.0
dash,dash,Dash,https://coin-images.coingecko.com/coins/images/19/large/dash-logo.png?1696501423,62.06,795491900.0,85.0,795492397.0,173260359.0,68.93,61.77,-6.382569901647052,-9.30774,-82587623.11324716,-9.40548,12829859.00605205,12829874.11012539,18920000.0,1493.59,-95.84466,2017-12-19 16:00:00+00:00,0.213899,28915.44866,2014-02-13 16:00:00+00:00,Unknown,2026-09-08 09:09:20+00:00,Small,9.30774,0.9999988227418904,9.30774
render-token,render,Render,https://coin-images.coingecko.com/coins/images/11636/large/rndr.png?1696511529,1.52,785634996.0,86.0,807987989.0,51838183.0,1.6,1.51,-0.0311155411106873,-2.04047,-16660809.908332944,-2.07664,518772101.28269154,533532274.5626915,644245094.0,13.53,-88.80349,2024-03-17 08:30:24+00:00,0.03665669,4034.06912,2020-06-16 05:22:25+00:00,Unknown,2026-09-08 09:09:20+00:00,Small,2.04047,0.972334994556612,2.04047
superstate-short-duration-us-government-securities-fund-ustb,ustb,Invesco Short Duration US Government Securities Fund,https://coin-images.coingecko.com/coins/images/35012/large/Invesco_icon_lg.png?1780816895,11.2,774930043.0,87.0,774813559.0,0.0,11.2,11.2,0.0,0.0,-526968.4270871878,-0.06796,69187112.261559,69186390.103401,6219316794.89,11.2,0.0,2026-09-04 13:25:00+00:00,10.29,8.84038,2025-02-26 01:55:09+00:00,Unknown,2026-09-08 09:09:20+00:00,Small,0.0,1.0000104378643966,0.0
stable-2,stable,​​Stable,https://coin-images.coingecko.com/coins/images/69242/large/stable-logotype-framed-square-light.png?1762753913,0.02893497,755948482.0,88.0,2893093678.0,8035235.0,0.02958207,0.02859576,0.00034858,1.22235,9872853.0,1.3233,26129415980.0,100000000000.0,100000000000.0,0.04323745,-33.07893,2026-05-14 23:31:00+00:00,0.0092214,213.7807,2025-12-23 21:49:32+00:00,Unknown,2026-09-08 09:09:20+00:00,Small,1.22235,0.2612941598,1.22235
pancakeswap-token,cake,PancakeSwap,https://coin-images.coingecko.com/coins/images/12632/large/pancakeswap-cake-logo_%281%29.png?1696512440,2.36,755923437.0,89.0,783490085.0,134175398.0,2.42,2.2,0.164347,7.38726,52556404.0,7.47212,320181154.65768,331857365.1958355,400000000.0,43.96,-94.62948,2021-04-30 02:08:22+00:00,0.194441,1114.31953,2020-11-03 06:29:34+00:00,Unknown,2026-09-08 09:09:20+00:00,Small,7.38726,0.9648155751153356,7.38726
janus-henderson-anemoy-aaa-clo-fund,jaaa,Janus Henderson Anemoy AAA CLO Fund,https://coin-images.coingecko.com/coins/images/70446/large/jaaa.png?1762078666,1.048,710966727.0,90.0,710966727.0,0.0,1.048,1.048,0.0,0.0,0.0,0.0,678300455.183658,678300455.183658,6219316794.89,1.048,0.0,2026-09-04 07:25:10+00:00,1.009,3.83086,2025-12-06 06:10:05+00:00,Unknown,2026-09-08 09:09:20+00:00,Small,0.0,1.0,0.0
gho,gho,GHO,https://coin-images.coingecko.com/coins/images/30663/large/gho-token-logo.png?1720517092,0.998711,698101537.0,91.0,698101537.0,3402077.0,0.999146,0.99866,-0.0002283870308922,-0.02297,-157303.5032478571,-0.02253,699000000.0,699000000.0,6219316794.89,1.03,-3.0229,2024-02-28 09:15:58+00:00,0.917065,8.90294,2023-10-23 20:41:04+00:00,Unknown,2026-09-08 09:09:20+00:00,Small,0.02297,1.0,0.02297
filecoin,fil,Filecoin,https://coin-images.coingecko.com/coins/images/12817/large/filecoin.png?1696512609,0.842924,696723995.0,92.0,1648735893.0,138594919.0,0.879952,0.815207,0.02219239,2.73861,18015336.0,2.65435,827026391.0,1957085023.0,6219316794.89,236.84,-99.64409,2021-04-01 05:29:41+00:00,0.612413,37.63978,2026-08-18 03:52:30+00:00,Unknown,2026-09-08 09:09:20+00:00,Small,2.73861,0.4225807163616519,2.73861
vechain,vet,VeChain,https://coin-images.coingecko.com/coins/images/1167/large/VET.png?1742383283,0.00751514,645451875.0,93.0,645451875.0,8733473.0,0.00756228,0.00704906,0.00041107,5.7958,34608693.0,5.66572,85985041177.0,85985041177.0,86712634466.0,0.280991,-97.32549,2021-04-18 17:08:21+00:00,0.00191713,291.99857,2020-03-12 18:29:59+00:00,"{'times': 0.06199318710432395, 'currency': 'eth', 'percentage': 6.199318710432395}",2026-09-08 09:09:20+00:00,Small,5.7958,1.0,5.7958
injective-protocol,inj,Injective,https://coin-images.coingecko.com/coins/images/12882/large/Other_200x200.png?1738782212,6.25,624547932.0,94.0,624547932.0,242787230.0,6.69,5.6,0.605416,10.83961,60315986.0,10.68993,100000000.0,100000000.0,6219316794.89,52.62,-88.12684,2024-03-14 07:06:22+00:00,0.657401,850.36926,2020-11-03 08:19:30+00:00,Unknown,2026-09-08 09:09:20+00:00,Small,10.83961,1.0,10.83961
aerodrome-finance,aero,Aerodrome Finance,https://coin-images.coingecko.com/coins/images/31745/large/token.png?1696530564,0.629221,621166022.0,95.0,1242570092.0,163906552.0,0.672887,0.534849,0.088946,16.50414,88073103.0,16.52115,986653488.3040895,1973685089.485853,6219316794.89,2.32,-72.84252,2024-12-07 06:00:38+00:00,1.861e-05,3380999.35332,2023-10-16 17:23:50+00:00,Unknown,2026-09-08 09:09:20+00:00,Small,16.50414,0.499904211446981,16.50414
official-trump,trump,Official Trump,https://coin-images.coingecko.com/coins/images/53746/large/trump.png?1737171561,2.26,615908462.0,96.0,2254942358.0,190985325.0,2.33,2.24,-0.0180233417429382,-0.87221,-5000175.337831497,-0.8053,273137120.287634,1000000000.0,1000000000.0,73.43,-96.92875,2025-01-19 03:50:34+00:00,1.37,64.58748,2026-08-13 18:40:30+00:00,Unknown,2026-09-08 09:09:20+00:00,Small,0.87221,0.273137120287634,0.87221
beldex,bdx,Beldex,https://coin-images.coingecko.com/coins/images/5111/large/Beldex.png?1696505631,0.078064,613723054.0,97.0,775052676.0,10551327.0,0.079171,0.077624,-0.0003142892870002,-0.51237,-3154883.546733618,-0.51143,7870569188.186047,9939509113.548697,6219316794.89,0.450785,-82.68271,2018-12-16 16:00:00+00:00,0.00027519,28267.6684,2019-11-01 03:05:12+00:00,"{'times': -0.688110088343587, 'currency': 'usd', 'percentage': -68.8110088343587}",2026-09-08 09:09:20+00:00,Small,0.51237,0.7918468707330378,0.51237
xdce-crowd-sale,xdc,XDC Network,https://coin-images.coingecko.com/coins/images/2912/large/xdc-icon.png?1696503661,0.02898923,578189594.0,98.0,1103400388.0,7533012.0,0.02990987,0.0288018,-0.0001289362183236,-0.46225,-2621455.041592002,-0.45134,19946688440.0,38065686425.1,6219316794.89,0.192754,-84.96052,2021-08-20 20:39:48+00:00,0.00039532,7233.14,2019-07-21 16:00:00+00:00,"{'times': 0.5567584358094055, 'currency': 'eth', 'percentage': 55.67584358094056}",2026-09-08 09:09:20+00:00,Small,0.46225,0.5240070602496064,0.46225
flare-networks,flr,Flare,https://coin-images.coingecko.com/coins/images/28624/large/FLR-icon200x200.png?1696527609,0.00651455,565562225.0,100.0,693765612.0,2895100.0,0.00671946,0.0065072,-8.8750529369406e-05,-1.35323,-7750238.018205166,-1.35183,86826412304.23863,106508489337.9385,6219316794.89,0.150073,-95.65908,2023-01-09 19:14:05+00:00,0.00586043,11.16173,2026-08-19 10:09:30+00:00,Unknown,2026-09-08 09:09:20+00:00,Small,1.35323,0.8152064952188831,1.35323
